filepath,result,solve_time_seconds
20230314-Jaroslav-Bendik-Certora/11775_ad46e5b8db4748c51973_42_QF_UFLIA.smt2,sat,1.1425
20230314-Jaroslav-Bendik-Certora/11775_ad46e5b8db4748c51973_43_QF_UFLIA.smt2,sat,1.0361
20230314-Jaroslav-Bendik-Certora/17512_5c1021b0faa6b6e1791b_19_QF_UFLIA.smt2,unknown,10.0599
20230314-Jaroslav-Bendik-Certora/17512_5c1021b0faa6b6e1791b_20_QF_UFLIA.smt2,unknown,10.0859
20230314-Jaroslav-Bendik-Certora/17512_5c1021b0faa6b6e1791b_21_QF_UFLIA.smt2,unsat,3.6620
20230314-Jaroslav-Bendik-Certora/25959_5dee2e2f6ef44465a2bea4b085818948_65_QF_UFLIA.smt2,unknown,11.1454
20230314-Jaroslav-Bendik-Certora/25959_5dee2e2f6ef44465a2bea4b085818948_66_QF_UFLIA.smt2,unknown,10.7922
20230314-Jaroslav-Bendik-Certora/25959_5dee2e2f6ef44465a2bea4b085818948_67_QF_UFLIA.smt2,unknown,12.5063
20230314-Jaroslav-Bendik-Certora/25959_5dee2e2f6ef44465a2bea4b085818948_68_QF_UFLIA.smt2,unknown,10.1785
20230314-Jaroslav-Bendik-Certora/25959_5dee2e2f6ef44465a2bea4b085818948_69_QF_UFLIA.smt2,unknown,10.1858
20230314-Jaroslav-Bendik-Certora/30078_f817a923328f75af7e60_27_QF_UFLIA.smt2,unknown,12.9299
20230314-Jaroslav-Bendik-Certora/30078_f817a923328f75af7e60_28_QF_UFLIA.smt2,unknown,12.8375
20230314-Jaroslav-Bendik-Certora/3106_1c933134166dbad31f79_38_QF_UFLIA.smt2,unknown,11.0725
20230314-Jaroslav-Bendik-Certora/3106_1c933134166dbad31f79_39_QF_UFLIA.smt2,unknown,10.0621
20230314-Jaroslav-Bendik-Certora/3106_1c933134166dbad31f79_40_QF_UFLIA.smt2,sat,0.5203
20230314-Jaroslav-Bendik-Certora/3106_1c933134166dbad31f79_41_QF_UFLIA.smt2,sat,6.7627
20230314-Jaroslav-Bendik-Certora/3106_afb7bc55417e43d7a22790c3576f04fc_37_QF_UFLIA.smt2,unknown,10.0501
20230314-Jaroslav-Bendik-Certora/38347_092cc73601c78e45f4f9_55_QF_UFLIA.smt2,unknown,10.0085
20230314-Jaroslav-Bendik-Certora/38347_092cc73601c78e45f4f9_56_QF_UFLIA.smt2,unknown,10.0611
20230314-Jaroslav-Bendik-Certora/38347_092cc73601c78e45f4f9_57_QF_UFLIA.smt2,unknown,10.0124
20230314-Jaroslav-Bendik-Certora/38347_092cc73601c78e45f4f9_58_QF_UFLIA.smt2,sat,0.8534
20230314-Jaroslav-Bendik-Certora/38347_525a1ca0331f2bcbf520_54_QF_UFLIA.smt2,unknown,10.0306
20230314-Jaroslav-Bendik-Certora/39657_1c7158801cd59dc13f05_44_QF_UFLIA.smt2,unknown,10.0475
20230314-Jaroslav-Bendik-Certora/39657_1c7158801cd59dc13f05_45_QF_UFLIA.smt2,unknown,10.0407
20230314-Jaroslav-Bendik-Certora/39657_1c7158801cd59dc13f05_46_QF_UFLIA.smt2,sat,4.5589
20230314-Jaroslav-Bendik-Certora/39657_2866defdd1f2434b69ab_47_QF_UFLIA.smt2,unknown,10.0185
20230314-Jaroslav-Bendik-Certora/39657_2866defdd1f2434b69ab_48_QF_UFLIA.smt2,sat,9.5857
20230314-Jaroslav-Bendik-Certora/41958_32933c5a1384696720a2_61_QF_UFLIA.smt2,unknown,10.0351
20230314-Jaroslav-Bendik-Certora/41958_32933c5a1384696720a2_62_QF_UFLIA.smt2,sat,7.6956
20230314-Jaroslav-Bendik-Certora/41958_32933c5a1384696720a2_63_QF_UFLIA.smt2,sat,9.2025
20230314-Jaroslav-Bendik-Certora/41958_45c688a4814eb926c254_59_QF_UFLIA.smt2,sat,5.7580
20230314-Jaroslav-Bendik-Certora/41958_45c688a4814eb926c254_60_QF_UFLIA.smt2,sat,6.3820
20230314-Jaroslav-Bendik-Certora/44289_4066055e0f64d96da11a_14_QF_UFLIA.smt2,unknown,10.1682
20230314-Jaroslav-Bendik-Certora/44289_4066055e0f64d96da11a_15_QF_UFLIA.smt2,unknown,11.4909
20230314-Jaroslav-Bendik-Certora/44289_b077fc096b3d41cba49f8628caff7fa5_16_QF_UFLIA.smt2,unknown,10.0614
20230314-Jaroslav-Bendik-Certora/44289_e5a2e5c780236919ee6a_17_QF_UFLIA.smt2,unknown,15.2621
20230314-Jaroslav-Bendik-Certora/44289_e5a2e5c780236919ee6a_18_QF_UFLIA.smt2,unknown,10.0583
20230314-Jaroslav-Bendik-Certora/44788_1965f0d6d94d5d8054ba_34_QF_UFLIA.smt2,sat,0.8380
20230314-Jaroslav-Bendik-Certora/44788_1965f0d6d94d5d8054ba_35_QF_UFLIA.smt2,unsat,3.3262
20230314-Jaroslav-Bendik-Certora/44788_1965f0d6d94d5d8054ba_36_QF_UFLIA.smt2,unknown,10.0739
20230314-Jaroslav-Bendik-Certora/52759_af0c476fe3b544b9a8507f3e42472c43_12_QF_UFLIA.smt2,unknown,10.3006
20230314-Jaroslav-Bendik-Certora/52759_af0c476fe3b544b9a8507f3e42472c43_13_QF_UFLIA.smt2,unknown,10.1617
20230314-Jaroslav-Bendik-Certora/52759_bec3a2272267494faeecb6bfaf253e3b_10_QF_UFLIA.smt2,unknown,10.0964
20230314-Jaroslav-Bendik-Certora/52759_bec3a2272267494faeecb6bfaf253e3b_11_QF_UFLIA.smt2,unknown,11.0919
20230314-Jaroslav-Bendik-Certora/63058_55d6bef5390186355f11_26_QF_UFLIA.smt2,unknown,10.0994
20230314-Jaroslav-Bendik-Certora/63058_64ab9a7ef7b6c3492507_22_QF_UFLIA.smt2,unknown,10.1416
20230314-Jaroslav-Bendik-Certora/63058_64ab9a7ef7b6c3492507_23_QF_UFLIA.smt2,unknown,10.6843
20230314-Jaroslav-Bendik-Certora/63058_64ab9a7ef7b6c3492507_24_QF_UFLIA.smt2,unknown,10.0990
20230314-Jaroslav-Bendik-Certora/63058_aa742630eef64f949de269382c1f9035_25_UFLIA.smt2,unsat,1.2213
20230314-Jaroslav-Bendik-Certora/65782_cd31513fdcd15701933b_5_QF_UFLIA.smt2,unknown,10.0431
20230314-Jaroslav-Bendik-Certora/65782_cd31513fdcd15701933b_6_QF_UFLIA.smt2,sat,0.7987
20230314-Jaroslav-Bendik-Certora/65782_cd31513fdcd15701933b_7_QF_UFLIA.smt2,sat,1.0685
20230314-Jaroslav-Bendik-Certora/65782_cd31513fdcd15701933b_8_QF_UFLIA.smt2,sat,1.8338
20230314-Jaroslav-Bendik-Certora/66603_accdadf23a1cf70ae043_72_QF_UFLIA.smt2,unknown,12.1262
20230314-Jaroslav-Bendik-Certora/66603_accdadf23a1cf70ae043_73_QF_UFLIA.smt2,unknown,11.2563
20230314-Jaroslav-Bendik-Certora/66603_accdadf23a1cf70ae043_74_QF_UFLIA.smt2,unknown,12.5042
20230314-Jaroslav-Bendik-Certora/66603_accdadf23a1cf70ae043_75_QF_UFLIA.smt2,unknown,10.9742
20230314-Jaroslav-Bendik-Certora/66603_accdadf23a1cf70ae043_76_QF_UFLIA.smt2,unknown,17.8006
20230314-Jaroslav-Bendik-Certora/72658_63104dadde9c6026353f_70_QF_UFLIA.smt2,sat,7.7334
20230314-Jaroslav-Bendik-Certora/72658_63104dadde9c6026353f_71_QF_UFLIA.smt2,unknown,10.0587
20230314-Jaroslav-Bendik-Certora/72771_f9d228efc97cf1458e38_64_QF_UFLIA.smt2,unknown,10.0233
20230314-Jaroslav-Bendik-Certora/83314_a702bf8b823398c9e37a_0_UFLIA.smt2,unknown,10.0369
20230314-Jaroslav-Bendik-Certora/83314_a702bf8b823398c9e37a_1_UFLIA.smt2,unknown,10.0877
20230314-Jaroslav-Bendik-Certora/83314_a702bf8b823398c9e37a_2_UFLIA.smt2,unknown,10.0889
20230314-Jaroslav-Bendik-Certora/83314_a702bf8b823398c9e37a_3_UFLIA.smt2,unknown,10.1625
20230314-Jaroslav-Bendik-Certora/83314_a702bf8b823398c9e37a_4_UFLIA.smt2,unknown,11.7079
20230314-Jaroslav-Bendik-Certora/93493_1fdb6cc8eb9c4363b5838af9eb8c7f1f_53_QF_UFLIA.smt2,unknown,10.3476
20230314-Jaroslav-Bendik-Certora/93493_27ab26d56d60426da02e50231269b6ff_51_QF_UFLIA.smt2,unknown,10.1698
20230314-Jaroslav-Bendik-Certora/93493_4ea6163ed03941199c785278ccc42812_49_QF_UFLIA.smt2,unknown,10.3043
20230314-Jaroslav-Bendik-Certora/93493_5990a6bf5f2740164f77_50_QF_UFLIA.smt2,unknown,14.2075
20230314-Jaroslav-Bendik-Certora/93493_798593962ee29ad45ac8_52_QF_UFLIA.smt2,unknown,10.2198
20230314-Jaroslav-Bendik-Certora/940_590f27b1c3c800d3243e_29_QF_UFLIA.smt2,unknown,10.1110
20230314-Jaroslav-Bendik-Certora/940_590f27b1c3c800d3243e_30_QF_UFLIA.smt2,unknown,10.1168
20230314-Jaroslav-Bendik-Certora/940_590f27b1c3c800d3243e_31_QF_UFLIA.smt2,unknown,10.0584
20230314-Jaroslav-Bendik-Certora/940_590f27b1c3c800d3243e_32_QF_UFLIA.smt2,unknown,10.1113
20230314-Jaroslav-Bendik-Certora/940_590f27b1c3c800d3243e_33_QF_UFLIA.smt2,unknown,10.1067
mathsat/EufLaArithmetic/hard/hard10.smt2,unsat,0.8563
mathsat/EufLaArithmetic/hard/hard11.smt2,unsat,0.8858
mathsat/EufLaArithmetic/hard/hard12.smt2,unsat,0.8734
mathsat/EufLaArithmetic/hard/hard13.smt2,unsat,0.8983
mathsat/EufLaArithmetic/hard/hard14.smt2,unsat,0.9173
mathsat/EufLaArithmetic/hard/hard15.smt2,unsat,1.0091
mathsat/EufLaArithmetic/hard/hard16.smt2,unsat,0.9148
mathsat/EufLaArithmetic/hard/hard17.smt2,unsat,0.9348
mathsat/EufLaArithmetic/hard/hard18.smt2,unsat,0.9561
mathsat/EufLaArithmetic/hard/hard19.smt2,unsat,0.9668
mathsat/EufLaArithmetic/hard/hard20.smt2,unsat,0.9717
mathsat/EufLaArithmetic/hard/hard4.smt2,unsat,0.8742
mathsat/EufLaArithmetic/hard/hard5.smt2,unsat,0.8707
mathsat/EufLaArithmetic/hard/hard6.smt2,unsat,0.9980
mathsat/EufLaArithmetic/hard/hard7.smt2,unsat,1.0720
mathsat/EufLaArithmetic/hard/hard8.smt2,unsat,1.1969
mathsat/EufLaArithmetic/hard/hard9.smt2,unsat,0.9552
mathsat/EufLaArithmetic/medium/medium10.smt2,unsat,1.4090
mathsat/EufLaArithmetic/medium/medium11.smt2,unsat,1.3448
mathsat/EufLaArithmetic/medium/medium12.smt2,unsat,1.3722
mathsat/EufLaArithmetic/medium/medium13.smt2,unsat,1.3268
mathsat/EufLaArithmetic/medium/medium14.smt2,unsat,1.3798
mathsat/EufLaArithmetic/medium/medium15.smt2,unsat,1.3234
mathsat/EufLaArithmetic/medium/medium16.smt2,unsat,1.2841
mathsat/EufLaArithmetic/medium/medium17.smt2,unsat,1.3649
mathsat/EufLaArithmetic/medium/medium18.smt2,unsat,1.6131
mathsat/EufLaArithmetic/medium/medium19.smt2,unsat,1.2757
mathsat/EufLaArithmetic/medium/medium20.smt2,unsat,1.4613
mathsat/EufLaArithmetic/medium/medium5.smt2,unsat,1.2163
mathsat/EufLaArithmetic/medium/medium6.smt2,unsat,1.2615
mathsat/EufLaArithmetic/medium/medium7.smt2,unsat,1.2567
mathsat/EufLaArithmetic/medium/medium8.smt2,unsat,1.2525
mathsat/EufLaArithmetic/medium/medium9.smt2,unsat,1.2356
mathsat/Hash/hash_sat_03_03.smt2,sat,0.9610
mathsat/Hash/hash_sat_03_04.smt2,sat,0.9677
mathsat/Hash/hash_sat_03_05.smt2,sat,0.9875
mathsat/Hash/hash_sat_03_06.smt2,sat,0.9913
mathsat/Hash/hash_sat_03_07.smt2,sat,0.9919
mathsat/Hash/hash_sat_03_08.smt2,sat,1.0005
mathsat/Hash/hash_sat_03_09.smt2,sat,1.0489
mathsat/Hash/hash_sat_03_10.smt2,sat,0.9895
mathsat/Hash/hash_sat_03_11.smt2,sat,1.0179
mathsat/Hash/hash_sat_03_12.smt2,sat,1.0132
mathsat/Hash/hash_sat_03_13.smt2,sat,0.9934
mathsat/Hash/hash_sat_03_14.smt2,sat,0.9962
mathsat/Hash/hash_sat_03_15.smt2,sat,1.0385
mathsat/Hash/hash_sat_03_16.smt2,sat,1.0169
mathsat/Hash/hash_sat_03_17.smt2,sat,1.0962
mathsat/Hash/hash_sat_03_18.smt2,sat,1.1714
mathsat/Hash/hash_sat_03_19.smt2,sat,1.0507
mathsat/Hash/hash_sat_03_20.smt2,sat,1.1787
mathsat/Hash/hash_sat_04_03.smt2,sat,0.9776
mathsat/Hash/hash_sat_04_04.smt2,sat,1.0087
mathsat/Hash/hash_sat_04_05.smt2,sat,0.9799
mathsat/Hash/hash_sat_04_06.smt2,sat,1.0133
mathsat/Hash/hash_sat_04_07.smt2,sat,1.0063
mathsat/Hash/hash_sat_04_08.smt2,sat,1.0007
mathsat/Hash/hash_sat_04_09.smt2,sat,0.9867
mathsat/Hash/hash_sat_04_10.smt2,sat,1.0085
mathsat/Hash/hash_sat_04_11.smt2,sat,0.9935
mathsat/Hash/hash_sat_04_12.smt2,sat,1.0098
mathsat/Hash/hash_sat_04_13.smt2,sat,1.0082
mathsat/Hash/hash_sat_04_14.smt2,sat,0.9985
mathsat/Hash/hash_sat_04_15.smt2,sat,1.0185
mathsat/Hash/hash_sat_04_16.smt2,sat,1.0140
mathsat/Hash/hash_sat_04_17.smt2,sat,0.9874
mathsat/Hash/hash_sat_04_18.smt2,sat,1.2045
mathsat/Hash/hash_sat_04_19.smt2,sat,1.2687
mathsat/Hash/hash_sat_04_20.smt2,sat,1.2324
mathsat/Hash/hash_sat_05_03.smt2,sat,1.3829
mathsat/Hash/hash_sat_05_04.smt2,sat,1.4831
mathsat/Hash/hash_sat_05_05.smt2,sat,1.1529
mathsat/Hash/hash_sat_05_06.smt2,sat,0.9479
mathsat/Hash/hash_sat_05_07.smt2,sat,1.0419
mathsat/Hash/hash_sat_05_08.smt2,sat,1.1310
mathsat/Hash/hash_sat_05_09.smt2,sat,1.0284
mathsat/Hash/hash_sat_05_10.smt2,sat,0.9579
mathsat/Hash/hash_sat_05_11.smt2,sat,0.9461
mathsat/Hash/hash_sat_05_12.smt2,sat,0.9472
mathsat/Hash/hash_sat_05_13.smt2,sat,0.9586
mathsat/Hash/hash_sat_05_14.smt2,sat,1.0564
mathsat/Hash/hash_sat_05_15.smt2,sat,0.9960
mathsat/Hash/hash_sat_05_16.smt2,sat,0.9539
mathsat/Hash/hash_sat_05_17.smt2,sat,0.9588
mathsat/Hash/hash_sat_05_18.smt2,sat,0.9541
mathsat/Hash/hash_sat_05_19.smt2,sat,0.9536
mathsat/Hash/hash_sat_05_20.smt2,sat,0.9563
mathsat/Hash/hash_sat_06_03.smt2,sat,0.9428
mathsat/Hash/hash_sat_06_04.smt2,sat,0.9403
mathsat/Hash/hash_sat_06_05.smt2,sat,0.9634
mathsat/Hash/hash_sat_06_06.smt2,sat,1.0698
mathsat/Hash/hash_sat_06_07.smt2,sat,0.9787
mathsat/Hash/hash_sat_06_08.smt2,sat,1.0308
mathsat/Hash/hash_sat_06_09.smt2,sat,0.9141
mathsat/Hash/hash_sat_06_10.smt2,sat,0.9454
mathsat/Hash/hash_sat_06_11.smt2,sat,1.1141
mathsat/Hash/hash_sat_06_12.smt2,sat,1.0248
mathsat/Hash/hash_sat_06_13.smt2,sat,0.9996
mathsat/Hash/hash_sat_06_14.smt2,sat,1.0107
mathsat/Hash/hash_sat_06_15.smt2,sat,0.9882
mathsat/Hash/hash_sat_06_16.smt2,sat,0.9966
mathsat/Hash/hash_sat_06_17.smt2,sat,0.9903
mathsat/Hash/hash_sat_06_18.smt2,sat,1.0494
mathsat/Hash/hash_sat_06_19.smt2,sat,1.0189
mathsat/Hash/hash_sat_06_20.smt2,sat,1.0822
mathsat/Hash/hash_sat_07_03.smt2,sat,1.0989
mathsat/Hash/hash_sat_07_04.smt2,sat,1.0177
mathsat/Hash/hash_sat_07_05.smt2,sat,1.0967
mathsat/Hash/hash_sat_07_06.smt2,sat,1.0786
mathsat/Hash/hash_sat_07_07.smt2,sat,0.9936
mathsat/Hash/hash_sat_07_08.smt2,sat,0.9418
mathsat/Hash/hash_sat_07_09.smt2,sat,0.9006
mathsat/Hash/hash_sat_07_10.smt2,sat,0.9582
mathsat/Hash/hash_sat_07_11.smt2,sat,0.9478
mathsat/Hash/hash_sat_07_12.smt2,sat,0.9614
mathsat/Hash/hash_sat_07_13.smt2,sat,1.0329
mathsat/Hash/hash_sat_07_14.smt2,sat,1.0235
mathsat/Hash/hash_sat_07_15.smt2,sat,0.9801
mathsat/Hash/hash_sat_07_16.smt2,sat,0.9371
mathsat/Hash/hash_sat_07_17.smt2,sat,1.0410
mathsat/Hash/hash_sat_07_18.smt2,sat,1.0048
mathsat/Hash/hash_sat_07_19.smt2,sat,1.0855
mathsat/Hash/hash_sat_07_20.smt2,sat,1.0260
mathsat/Hash/hash_sat_08_03.smt2,sat,1.0487
mathsat/Hash/hash_sat_08_04.smt2,sat,1.0513
mathsat/Hash/hash_sat_08_05.smt2,sat,1.0642
mathsat/Hash/hash_sat_08_06.smt2,sat,1.0443
mathsat/Hash/hash_sat_08_07.smt2,sat,1.0703
mathsat/Hash/hash_sat_08_08.smt2,sat,0.9793
mathsat/Hash/hash_sat_08_09.smt2,sat,0.9648
mathsat/Hash/hash_sat_08_10.smt2,sat,0.9729
mathsat/Hash/hash_sat_08_11.smt2,sat,0.9941
mathsat/Hash/hash_sat_08_12.smt2,sat,0.9870
mathsat/Hash/hash_sat_08_13.smt2,sat,1.1792
mathsat/Hash/hash_sat_08_14.smt2,sat,0.9277
mathsat/Hash/hash_sat_08_15.smt2,sat,0.9465
mathsat/Hash/hash_sat_08_16.smt2,sat,1.0261
mathsat/Hash/hash_sat_08_17.smt2,sat,0.9924
mathsat/Hash/hash_sat_08_18.smt2,sat,0.9924
mathsat/Hash/hash_sat_08_19.smt2,sat,0.9754
mathsat/Hash/hash_sat_08_20.smt2,sat,0.9565
mathsat/Hash/hash_sat_09_03.smt2,sat,0.9130
mathsat/Hash/hash_sat_09_04.smt2,sat,0.9421
mathsat/Hash/hash_sat_09_05.smt2,sat,0.9428
mathsat/Hash/hash_sat_09_06.smt2,sat,0.9650
mathsat/Hash/hash_sat_09_07.smt2,sat,0.9362
mathsat/Hash/hash_sat_09_08.smt2,sat,0.9234
mathsat/Hash/hash_sat_09_09.smt2,sat,0.9578
mathsat/Hash/hash_sat_09_10.smt2,sat,0.9666
mathsat/Hash/hash_sat_09_11.smt2,sat,1.0857
mathsat/Hash/hash_sat_09_12.smt2,sat,0.9825
mathsat/Hash/hash_sat_09_13.smt2,sat,0.9817
mathsat/Hash/hash_sat_09_14.smt2,sat,1.1665
mathsat/Hash/hash_sat_09_15.smt2,sat,0.9961
mathsat/Hash/hash_sat_09_16.smt2,sat,0.9574
mathsat/Hash/hash_sat_09_17.smt2,sat,0.9417
mathsat/Hash/hash_sat_09_18.smt2,sat,0.9456
mathsat/Hash/hash_sat_09_19.smt2,sat,0.9492
mathsat/Hash/hash_sat_09_20.smt2,sat,1.0076
mathsat/Hash/hash_sat_10_03.smt2,sat,0.9465
mathsat/Hash/hash_sat_10_04.smt2,sat,0.9658
mathsat/Hash/hash_sat_10_05.smt2,sat,1.0878
mathsat/Hash/hash_sat_10_06.smt2,sat,1.1154
mathsat/Hash/hash_sat_10_07.smt2,sat,1.0670
mathsat/Hash/hash_sat_10_08.smt2,sat,1.0416
mathsat/Hash/hash_sat_10_09.smt2,sat,1.0383
mathsat/Hash/hash_sat_10_10.smt2,sat,1.0379
mathsat/Hash/hash_sat_10_11.smt2,sat,1.0419
mathsat/Hash/hash_sat_10_12.smt2,sat,1.0208
mathsat/Hash/hash_sat_10_13.smt2,sat,1.0350
mathsat/Hash/hash_sat_10_14.smt2,sat,1.0401
mathsat/Hash/hash_sat_10_15.smt2,sat,1.0409
mathsat/Hash/hash_sat_10_16.smt2,sat,1.0461
mathsat/Hash/hash_sat_10_17.smt2,sat,1.0461
mathsat/Hash/hash_sat_10_18.smt2,sat,1.0476
mathsat/Hash/hash_sat_10_19.smt2,sat,1.0612
mathsat/Hash/hash_sat_10_20.smt2,sat,1.0579
mathsat/Hash/hash_uns_03_03.smt2,unsat,0.0001
mathsat/Hash/hash_uns_03_04.smt2,unsat,0.0001
mathsat/Hash/hash_uns_03_05.smt2,unsat,0.0001
mathsat/Hash/hash_uns_03_06.smt2,unsat,0.0001
mathsat/Hash/hash_uns_03_07.smt2,unsat,0.0001
mathsat/Hash/hash_uns_03_08.smt2,unsat,0.0001
mathsat/Hash/hash_uns_03_09.smt2,unsat,0.0001
mathsat/Hash/hash_uns_03_10.smt2,unsat,0.0001
mathsat/Hash/hash_uns_03_11.smt2,unsat,0.0001
mathsat/Hash/hash_uns_03_12.smt2,unsat,0.0001
mathsat/Hash/hash_uns_03_13.smt2,unsat,0.0001
mathsat/Hash/hash_uns_03_14.smt2,unsat,0.0001
mathsat/Hash/hash_uns_03_15.smt2,unsat,0.0002
mathsat/Hash/hash_uns_03_16.smt2,unsat,0.0002
mathsat/Hash/hash_uns_03_17.smt2,unsat,0.0002
mathsat/Hash/hash_uns_03_18.smt2,unsat,0.0002
mathsat/Hash/hash_uns_03_19.smt2,unsat,0.0002
mathsat/Hash/hash_uns_03_20.smt2,unsat,0.0002
mathsat/Hash/hash_uns_04_03.smt2,unsat,0.0002
mathsat/Hash/hash_uns_04_04.smt2,unsat,0.0001
mathsat/Hash/hash_uns_04_05.smt2,unsat,0.0002
mathsat/Hash/hash_uns_04_06.smt2,unsat,0.0002
mathsat/Hash/hash_uns_04_07.smt2,unsat,0.0002
mathsat/Hash/hash_uns_04_08.smt2,unsat,0.0002
mathsat/Hash/hash_uns_04_09.smt2,unsat,0.0002
mathsat/Hash/hash_uns_04_10.smt2,unsat,0.0002
mathsat/Hash/hash_uns_04_11.smt2,unsat,0.0002
mathsat/Hash/hash_uns_04_12.smt2,unsat,0.0002
mathsat/Hash/hash_uns_04_13.smt2,unsat,0.0002
mathsat/Hash/hash_uns_04_14.smt2,unsat,0.0002
mathsat/Hash/hash_uns_04_15.smt2,unsat,0.0002
mathsat/Hash/hash_uns_04_16.smt2,unsat,0.0002
mathsat/Hash/hash_uns_04_17.smt2,unsat,0.0004
mathsat/Hash/hash_uns_04_18.smt2,unsat,0.0002
mathsat/Hash/hash_uns_04_19.smt2,unsat,0.0003
mathsat/Hash/hash_uns_04_20.smt2,unsat,0.0005
mathsat/Hash/hash_uns_05_03.smt2,unsat,0.0001
mathsat/Hash/hash_uns_05_04.smt2,unsat,0.0002
mathsat/Hash/hash_uns_05_05.smt2,unsat,0.0002
mathsat/Hash/hash_uns_05_06.smt2,unsat,0.0002
mathsat/Hash/hash_uns_05_07.smt2,unsat,0.0002
mathsat/Hash/hash_uns_05_08.smt2,unsat,0.0002
mathsat/Hash/hash_uns_05_09.smt2,unsat,0.0003
mathsat/Hash/hash_uns_05_10.smt2,unsat,0.0002
mathsat/Hash/hash_uns_05_11.smt2,unsat,0.0002
mathsat/Hash/hash_uns_05_12.smt2,unsat,0.0002
mathsat/Hash/hash_uns_05_13.smt2,unsat,0.0003
mathsat/Hash/hash_uns_05_14.smt2,unsat,0.0003
mathsat/Hash/hash_uns_05_15.smt2,unsat,0.0006
mathsat/Hash/hash_uns_05_16.smt2,unsat,0.0003
mathsat/Hash/hash_uns_05_17.smt2,unsat,0.0003
mathsat/Hash/hash_uns_05_18.smt2,unsat,0.0003
mathsat/Hash/hash_uns_05_19.smt2,unsat,0.0004
mathsat/Hash/hash_uns_05_20.smt2,unsat,0.0004
mathsat/Wisa/xs-05-06-2-2-5-1.smt2,unsat,1.3099
mathsat/Wisa/xs-05-07-4-5-1-2.smt2,unsat,1.3503
mathsat/Wisa/xs-05-08-4-2-5-4.smt2,unsat,1.3243
mathsat/Wisa/xs-05-09-5-1-2-5.smt2,unsat,1.2612
mathsat/Wisa/xs-05-11-2-5-3-2.smt2,unsat,1.2558
mathsat/Wisa/xs-05-12-1-4-2-1.smt2,unsat,1.2647
mathsat/Wisa/xs-05-13-2-4-5-3.smt2,unsat,1.2029
mathsat/Wisa/xs-05-14-4-3-1-1.smt2,unsat,1.2729
mathsat/Wisa/xs-05-16-1-5-4-3.smt2,unsat,1.3128
mathsat/Wisa/xs-05-17-1-5-1-5.smt2,unsat,1.2429
mathsat/Wisa/xs-05-18-1-3-1-3.smt2,unsat,1.2338
mathsat/Wisa/xs-05-19-1-4-2-1.smt2,unsat,1.3630
mathsat/Wisa/xs-05-20-5-1-4-2.smt2,unsat,1.3718
mathsat/Wisa/xs-06-05-5-2-5-5.smt2,unsat,1.2701
mathsat/Wisa/xs-06-07-4-5-4-2.smt2,sat,1.7045
mathsat/Wisa/xs-06-08-5-1-5-3.smt2,sat,1.6842
mathsat/Wisa/xs-06-09-3-5-5-3.smt2,unsat,1.3441
mathsat/Wisa/xs-06-10-1-4-2-5.smt2,unsat,1.6608
mathsat/Wisa/xs-06-12-5-4-2-5.smt2,unsat,1.8575
mathsat/Wisa/xs-06-13-5-3-5-5.smt2,unsat,1.7520
mathsat/Wisa/xs-06-14-3-1-5-2.smt2,unsat,1.6553
mathsat/Wisa/xs-06-15-4-1-4-1.smt2,unsat,1.6937
mathsat/Wisa/xs-06-17-2-2-4-1.smt2,unsat,1.3145
mathsat/Wisa/xs-06-18-1-2-1-5.smt2,unsat,1.2122
mathsat/Wisa/xs-06-19-3-3-4-4.smt2,unsat,1.2707
mathsat/Wisa/xs-06-20-5-1-5-1.smt2,unsat,1.2575
mathsat/Wisa/xs-07-05-5-2-3-5.smt2,unsat,1.2238
mathsat/Wisa/xs-07-06-4-1-5-3.smt2,sat,1.3785
mathsat/Wisa/xs-07-08-4-4-4-2.smt2,sat,1.3747
mathsat/Wisa/xs-07-09-3-4-4-3.smt2,unsat,1.2070
mathsat/Wisa/xs-07-10-2-4-5-3.smt2,unsat,1.2583
mathsat/Wisa/xs-07-11-1-1-1-1.smt2,unsat,1.2675
mathsat/Wisa/xs-07-13-5-3-2-1.smt2,unsat,1.2230
mathsat/Wisa/xs-07-14-1-1-1-1.smt2,unsat,1.2573
mathsat/Wisa/xs-07-15-4-4-1-5.smt2,unsat,1.2813
mathsat/Wisa/xs-07-16-2-4-3-5.smt2,unsat,1.2632
mathsat/Wisa/xs-07-18-1-1-4-1.smt2,unsat,1.2571
mathsat/Wisa/xs-07-19-5-3-2-5.smt2,unsat,1.2554
mathsat/Wisa/xs-07-20-2-5-1-4.smt2,unsat,1.2635
mathsat/Wisa/xs-08-05-1-5-4-2.smt2,sat,1.3774
mathsat/Wisa/xs-08-06-4-5-4-1.smt2,sat,1.3681
mathsat/Wisa/xs-08-07-3-2-3-1.smt2,sat,1.3879
mathsat/Wisa/xs-08-09-4-5-5-4.smt2,sat,1.3769
mathsat/Wisa/xs-08-10-5-2-5-3.smt2,sat,1.4342
mathsat/Wisa/xs-08-11-4-3-2-2.smt2,sat,1.4438
mathsat/Wisa/xs-08-12-3-1-3-4.smt2,sat,1.5116
mathsat/Wisa/xs-08-14-2-3-3-5.smt2,unsat,1.2733
mathsat/Wisa/xs-08-15-4-2-1-4.smt2,unsat,1.2657
mathsat/Wisa/xs-08-16-4-4-5-1.smt2,unsat,1.2608
mathsat/Wisa/xs-08-17-4-1-2-2.smt2,unsat,1.2652
mathsat/Wisa/xs-08-19-2-2-3-1.smt2,unsat,1.2536
mathsat/Wisa/xs-08-20-3-2-4-5.smt2,unsat,1.3819
mathsat/Wisa/xs-09-05-2-4-4-5.smt2,sat,1.3782
mathsat/Wisa/xs-09-06-1-5-3-2.smt2,sat,1.3706
mathsat/Wisa/xs-09-07-1-3-3-2.smt2,sat,1.3890
mathsat/Wisa/xs-09-08-1-1-5-3.smt2,sat,1.4588
mathsat/Wisa/xs-09-10-5-1-5-2.smt2,sat,1.3761
mathsat/Wisa/xs-09-11-2-4-1-5.smt2,sat,1.3797
mathsat/Wisa/xs-09-12-5-2-1-5.smt2,sat,1.4123
mathsat/Wisa/xs-09-13-2-3-1-3.smt2,unsat,1.2731
mathsat/Wisa/xs-09-15-5-3-2-3.smt2,unsat,1.2713
mathsat/Wisa/xs-09-16-3-4-1-5.smt2,unsat,1.2706
mathsat/Wisa/xs-09-17-2-1-4-1.smt2,unsat,1.2651
mathsat/Wisa/xs-09-18-1-3-4-5.smt2,unsat,1.2659
mathsat/Wisa/xs-09-20-5-5-1-5.smt2,unsat,1.2615
mathsat/Wisa/xs-10-05-5-2-1-5.smt2,sat,1.3733
mathsat/Wisa/xs-10-06-1-1-5-2.smt2,sat,1.3684
mathsat/Wisa/xs-10-07-4-1-1-5.smt2,sat,1.3754
mathsat/Wisa/xs-10-08-2-2-4-5.smt2,sat,1.3714
mathsat/Wisa/xs-10-09-1-4-4-1.smt2,sat,1.4322
mathsat/Wisa/xs-10-11-1-3-5-5.smt2,sat,1.3765
mathsat/Wisa/xs-10-12-4-1-1-4.smt2,sat,1.3768
mathsat/Wisa/xs-10-13-5-5-4-5.smt2,sat,1.3865
mathsat/Wisa/xs-10-14-2-1-4-4.smt2,sat,1.3879
mathsat/Wisa/xs-10-16-3-5-2-4.smt2,sat,1.3804
mathsat/Wisa/xs-10-17-5-2-2-5.smt2,unsat,1.2865
mathsat/Wisa/xs-10-18-2-2-5-3.smt2,unsat,1.2771
mathsat/Wisa/xs-10-19-3-4-2-4.smt2,unsat,1.2835
mathsat/Wisa/xs-11-05-3-1-5-3.smt2,sat,1.3815
mathsat/Wisa/xs-11-06-4-4-5-5.smt2,sat,1.3794
mathsat/Wisa/xs-11-07-3-4-2-3.smt2,sat,1.3812
mathsat/Wisa/xs-11-08-3-4-3-5.smt2,sat,1.3670
mathsat/Wisa/xs-11-09-1-2-1-3.smt2,sat,1.3806
mathsat/Wisa/xs-11-10-2-5-3-2.smt2,sat,1.3745
mathsat/Wisa/xs-11-12-5-4-4-2.smt2,sat,1.3845
mathsat/Wisa/xs-11-13-4-4-5-2.smt2,sat,1.3818
mathsat/Wisa/xs-11-14-5-3-1-2.smt2,sat,1.4102
mathsat/Wisa/xs-11-15-4-4-5-5.smt2,sat,1.4291
mathsat/Wisa/xs-11-17-5-2-4-4.smt2,unsat,1.4190
mathsat/Wisa/xs-11-18-3-3-4-1.smt2,unsat,1.3540
mathsat/Wisa/xs-11-19-4-5-1-1.smt2,unsat,1.2945
mathsat/Wisa/xs-11-20-5-2-5-3.smt2,unsat,1.2926
mathsat/Wisa/xs-12-05-3-3-5-4.smt2,sat,1.3812
mathsat/Wisa/xs-12-06-3-4-5-1.smt2,sat,1.4326
mathsat/Wisa/xs-12-07-3-4-1-2.smt2,sat,1.3779
mathsat/Wisa/xs-12-08-5-2-5-3.smt2,sat,1.3815
mathsat/Wisa/xs-12-09-5-5-2-4.smt2,sat,1.3702
mathsat/Wisa/xs-12-10-4-4-3-1.smt2,sat,1.3865
mathsat/Wisa/xs-12-11-1-4-4-3.smt2,sat,1.3787
mathsat/Wisa/xs-12-13-3-4-2-3.smt2,sat,1.4793
mathsat/Wisa/xs-12-14-3-5-4-4.smt2,sat,1.3950
mathsat/Wisa/xs-12-15-3-2-1-5.smt2,sat,1.3970
mathsat/Wisa/xs-12-16-5-2-2-3.smt2,sat,1.3764
mathsat/Wisa/xs-12-18-1-3-1-2.smt2,sat,1.4494
mathsat/Wisa/xs-12-19-1-4-1-2.smt2,sat,1.3833
mathsat/Wisa/xs-12-20-1-1-5-2.smt2,sat,1.3765
mathsat/Wisa/xs-13-05-5-4-1-5.smt2,sat,1.3897
mathsat/Wisa/xs-13-06-1-1-2-4.smt2,sat,1.3826
mathsat/Wisa/xs-13-07-1-5-2-3.smt2,sat,1.3800
mathsat/Wisa/xs-13-08-3-2-1-3.smt2,sat,1.3900
mathsat/Wisa/xs-13-09-3-2-3-2.smt2,sat,1.3855
mathsat/Wisa/xs-13-10-4-3-1-3.smt2,sat,1.3845
mathsat/Wisa/xs-13-11-5-3-5-3.smt2,sat,1.4396
mathsat/Wisa/xs-13-12-5-3-4-4.smt2,sat,1.3784
mathsat/Wisa/xs-13-14-4-5-4-2.smt2,sat,1.3767
mathsat/Wisa/xs-13-15-5-3-4-1.smt2,sat,1.3718
mathsat/Wisa/xs-13-16-3-1-4-1.smt2,sat,1.4029
mathsat/Wisa/xs-13-17-4-2-1-5.smt2,sat,1.4104
mathsat/Wisa/xs-13-19-4-5-5-5.smt2,sat,1.4189
mathsat/Wisa/xs-13-20-2-2-4-4.smt2,sat,1.4026
mathsat/Wisa/xs-14-05-1-4-4-5.smt2,sat,1.3831
mathsat/Wisa/xs-14-06-4-4-1-2.smt2,sat,1.3862
mathsat/Wisa/xs-14-07-1-4-1-3.smt2,sat,1.3802
mathsat/Wisa/xs-14-08-5-1-1-4.smt2,sat,1.3858
mathsat/Wisa/xs-14-09-3-3-4-4.smt2,sat,1.3788
mathsat/Wisa/xs-14-10-3-4-2-2.smt2,sat,1.3763
mathsat/Wisa/xs-14-11-4-2-2-1.smt2,sat,1.3802
mathsat/Wisa/xs-14-12-4-4-1-3.smt2,sat,1.3728
mathsat/Wisa/xs-14-13-4-2-1-3.smt2,sat,1.3826
mathsat/Wisa/xs-14-15-1-1-3-3.smt2,sat,1.4478
mathsat/Wisa/xs-14-16-4-1-1-5.smt2,sat,1.6408
mathsat/Wisa/xs-14-17-5-4-3-1.smt2,sat,1.4492
mathsat/Wisa/xs-14-18-5-5-3-2.smt2,sat,1.3956
mathsat/Wisa/xs-14-20-3-5-3-5.smt2,sat,1.3924
mathsat/Wisa/xs-15-05-2-1-2-3.smt2,sat,1.3750
mathsat/Wisa/xs-15-06-3-5-4-4.smt2,sat,1.3799
mathsat/Wisa/xs-15-07-3-1-5-5.smt2,sat,1.3778
mathsat/Wisa/xs-15-08-4-5-4-1.smt2,sat,1.3792
mathsat/Wisa/xs-15-09-3-5-5-3.smt2,sat,1.3856
mathsat/Wisa/xs-15-10-1-3-5-1.smt2,sat,1.3734
mathsat/Wisa/xs-15-11-5-2-2-2.smt2,sat,1.3752
mathsat/Wisa/xs-15-12-2-2-3-4.smt2,sat,1.4368
mathsat/Wisa/xs-15-13-4-5-2-4.smt2,sat,1.3811
mathsat/Wisa/xs-15-14-5-5-5-1.smt2,sat,1.4406
mathsat/Wisa/xs-15-16-2-4-2-5.smt2,sat,1.3898
mathsat/Wisa/xs-15-17-2-1-1-4.smt2,sat,1.4229
mathsat/Wisa/xs-15-18-4-1-3-5.smt2,sat,1.3859
mathsat/Wisa/xs-15-19-3-1-4-1.smt2,sat,1.3955
mathsat/Wisa/xs-16-05-5-3-1-1.smt2,sat,1.3765
mathsat/Wisa/xs-16-06-4-1-3-5.smt2,sat,1.3786
mathsat/Wisa/xs-16-07-1-1-4-2.smt2,sat,1.3838
mathsat/Wisa/xs-16-08-1-4-4-5.smt2,sat,1.3789
mathsat/Wisa/xs-16-09-4-2-1-5.smt2,sat,1.3803
mathsat/Wisa/xs-16-10-4-3-1-3.smt2,sat,1.3886
mathsat/Wisa/xs-16-11-2-1-5-2.smt2,sat,1.3749
mathsat/Wisa/xs-16-12-2-5-3-4.smt2,sat,1.3896
mathsat/Wisa/xs-16-13-4-1-4-5.smt2,sat,1.3726
mathsat/Wisa/xs-16-14-2-4-1-4.smt2,sat,1.3812
mathsat/Wisa/xs-16-15-2-3-4-4.smt2,sat,1.3872
mathsat/Wisa/xs-16-17-5-5-3-5.smt2,sat,1.3974
mathsat/Wisa/xs-16-18-1-4-4-3.smt2,sat,1.3776
mathsat/Wisa/xs-16-19-3-4-4-1.smt2,sat,1.4040
mathsat/Wisa/xs-16-20-5-1-4-4.smt2,sat,1.3796
mathsat/Wisa/xs-17-05-2-1-1-2.smt2,sat,1.4150
mathsat/Wisa/xs-17-06-5-5-4-1.smt2,sat,1.3839
mathsat/Wisa/xs-17-07-3-4-4-3.smt2,sat,1.3701
mathsat/Wisa/xs-17-08-5-3-2-5.smt2,sat,1.3862
mathsat/Wisa/xs-17-09-4-3-5-5.smt2,sat,1.3880
mathsat/Wisa/xs-17-10-5-3-2-1.smt2,sat,1.3809
mathsat/Wisa/xs-17-11-3-3-4-5.smt2,sat,1.3813
mathsat/Wisa/xs-17-12-3-4-4-1.smt2,sat,1.3801
mathsat/Wisa/xs-17-13-4-4-2-1.smt2,sat,1.3839
mathsat/Wisa/xs-17-14-2-4-3-1.smt2,sat,1.3799
mathsat/Wisa/xs-17-15-2-2-2-4.smt2,sat,1.4350
mathsat/Wisa/xs-17-16-4-4-1-4.smt2,sat,1.3880
mathsat/Wisa/xs-17-18-4-2-3-1.smt2,sat,1.4487
mathsat/Wisa/xs-17-19-3-3-3-4.smt2,sat,1.3787
mathsat/Wisa/xs-17-20-5-1-5-4.smt2,sat,1.3891
mathsat/Wisa/xs-18-05-5-4-4-2.smt2,sat,1.3737
mathsat/Wisa/xs-18-06-4-2-1-1.smt2,sat,1.3830
mathsat/Wisa/xs-18-07-1-2-1-1.smt2,sat,1.3787
mathsat/Wisa/xs-18-08-4-5-2-5.smt2,sat,1.3863
mathsat/Wisa/xs-18-09-1-5-4-4.smt2,sat,1.4073
mathsat/Wisa/xs-18-10-4-5-2-3.smt2,sat,1.3817
mathsat/Wisa/xs-18-11-5-3-1-1.smt2,sat,1.4665
mathsat/Wisa/xs-18-12-3-4-4-3.smt2,sat,1.3763
mathsat/Wisa/xs-18-13-5-4-1-2.smt2,sat,1.4307
mathsat/Wisa/xs-18-14-3-5-2-3.smt2,sat,1.3868
mathsat/Wisa/xs-18-15-4-1-3-1.smt2,sat,1.3819
mathsat/Wisa/xs-18-16-2-2-1-4.smt2,sat,1.3840
mathsat/Wisa/xs-18-17-4-5-2-4.smt2,sat,1.3880
mathsat/Wisa/xs-18-19-4-1-1-5.smt2,sat,1.4142
mathsat/Wisa/xs-18-20-1-4-2-1.smt2,sat,1.3870
mathsat/Wisa/xs-19-05-2-5-4-2.smt2,sat,1.4355
mathsat/Wisa/xs-19-06-4-3-2-1.smt2,sat,1.3839
mathsat/Wisa/xs-19-07-4-2-4-4.smt2,sat,1.3743
mathsat/Wisa/xs-19-08-4-1-1-1.smt2,sat,1.4007
mathsat/Wisa/xs-19-09-4-2-3-5.smt2,sat,1.3999
mathsat/Wisa/xs-19-10-3-5-2-5.smt2,sat,1.3767
mathsat/Wisa/xs-19-11-4-4-1-3.smt2,sat,1.3899
mathsat/Wisa/xs-19-12-4-2-4-5.smt2,sat,1.3840
mathsat/Wisa/xs-19-13-2-1-3-1.smt2,sat,1.3882
mathsat/Wisa/xs-19-14-3-3-5-3.smt2,sat,1.3837
mathsat/Wisa/xs-19-15-3-1-3-4.smt2,sat,1.3849
mathsat/Wisa/xs-19-16-4-4-1-4.smt2,sat,1.3853
mathsat/Wisa/xs-19-17-2-2-5-1.smt2,sat,1.3826
mathsat/Wisa/xs-19-18-2-2-2-5.smt2,sat,1.3990
mathsat/Wisa/xs-19-20-1-1-2-2.smt2,sat,1.3918
mathsat/Wisa/xs-20-05-5-5-1-3.smt2,sat,1.3844
mathsat/Wisa/xs-20-06-2-3-1-3.smt2,sat,1.3935
mathsat/Wisa/xs-20-07-5-1-2-1.smt2,sat,1.3803
mathsat/Wisa/xs-20-08-5-3-1-5.smt2,sat,1.3794
mathsat/Wisa/xs-20-09-1-5-4-2.smt2,sat,1.3823
mathsat/Wisa/xs-20-10-5-5-5-4.smt2,sat,1.3922
mathsat/Wisa/xs-20-11-5-1-3-4.smt2,sat,1.3869
mathsat/Wisa/xs-20-12-3-1-5-2.smt2,sat,1.3755
mathsat/Wisa/xs-20-13-2-5-2-3.smt2,sat,1.3894
mathsat/Wisa/xs-20-14-2-3-3-3.smt2,sat,1.3873
mathsat/Wisa/xs-20-15-2-2-4-2.smt2,sat,1.3819
mathsat/Wisa/xs-20-16-4-4-4-1.smt2,sat,1.4240
mathsat/Wisa/xs-20-17-5-4-5-4.smt2,sat,1.4926
mathsat/Wisa/xs-20-18-3-4-5-4.smt2,sat,1.5254
mathsat/Wisa/xs-20-19-2-2-2-5.smt2,sat,1.5001
TwoSquares/smtlib.598294.smt2,sat,1.3491
TwoSquares/smtlib.602033.smt2,unsat,0.0001
TwoSquares/smtlib.602046.smt2,unsat,0.0001
TwoSquares/smtlib.602059.smt2,unsat,0.0001
TwoSquares/smtlib.604654.smt2,sat,1.3224
TwoSquares/smtlib.606691.smt2,unsat,0.8030
TwoSquares/smtlib.606709.smt2,unsat,0.8057
TwoSquares/smtlib.606727.smt2,unsat,0.7974
TwoSquares/smtlib.621344.smt2,sat,0.9444
TwoSquares/smtlib.639533.smt2,sat,1.2935
TwoSquares/smtlib.666078.smt2,unsat,0.8385
TwoSquares/smtlib.666105.smt2,unsat,0.8025
TwoSquares/smtlib.666132.smt2,unsat,0.8097
TwoSquares/smtlib.675451.smt2,unsat,1.1964
TwoSquares/smtlib.675482.smt2,unsat,1.1779
TwoSquares/smtlib.675513.smt2,unsat,1.1866
TwoSquares/smtlib.686056.smt2,unsat,0.0001
TwoSquares/smtlib.686091.smt2,unsat,0.0001
TwoSquares/smtlib.686126.smt2,unsat,0.0001
TwoSquares/smtlib.688318.smt2,sat,1.2674
TwoSquares/smtlib.769286.smt2,unsat,0.8407
wisas/xs_10_10.smt2,sat,1.4083
wisas/xs_10_15.smt2,sat,1.3801
wisas/xs_10_20.smt2,unsat,1.2665
wisas/xs_11_11.smt2,sat,1.3892
wisas/xs_11_16.smt2,sat,1.3704
wisas/xs_11_21.smt2,unsat,1.2856
wisas/xs_12_12.smt2,sat,1.3733
wisas/xs_12_17.smt2,sat,1.3701
wisas/xs_12_22.smt2,unsat,1.3045
wisas/xs_13_13.smt2,sat,1.3744
wisas/xs_13_18.smt2,sat,1.3731
wisas/xs_13_23.smt2,unsat,1.3420
wisas/xs_14_14.smt2,sat,1.3746
wisas/xs_14_19.smt2,sat,1.3688
wisas/xs_14_24.smt2,sat,1.3899
wisas/xs_15_15.smt2,sat,1.3717
wisas/xs_15_20.smt2,sat,1.3652
wisas/xs_15_25.smt2,unsat,1.4479
wisas/xs_16_16.smt2,sat,1.3772
wisas/xs_16_26.smt2,sat,1.4409
wisas/xs_16_36.smt2,unsat,1.4950
wisas/xs_17_17.smt2,sat,1.3880
wisas/xs_17_27.smt2,sat,1.4273
wisas/xs_17_37.smt2,unsat,1.6143
wisas/xs_18_18.smt2,sat,1.3678
wisas/xs_18_28.smt2,sat,1.4468
wisas/xs_18_38.smt2,unsat,1.8765
wisas/xs_19_19.smt2,sat,1.3833
wisas/xs_19_29.smt2,sat,1.4048
wisas/xs_19_39.smt2,unsat,2.3553
wisas/xs_20_20.smt2,sat,1.4595
wisas/xs_20_30.smt2,sat,1.4170
wisas/xs_20_40.smt2,unsat,2.9218
wisas/xs_21_21.smt2,sat,1.3996
wisas/xs_21_31.smt2,sat,1.4348
wisas/xs_21_41.smt2,unsat,3.5187
wisas/xs_22_22.smt2,sat,1.3759
wisas/xs_22_32.smt2,sat,1.4080
wisas/xs_22_42.smt2,unsat,5.6809
wisas/xs_23_23.smt2,sat,1.3813
wisas/xs_23_33.smt2,sat,1.4200
wisas/xs_23_43.smt2,unsat,9.4948
wisas/xs_24_24.smt2,sat,1.3961
wisas/xs_24_34.smt2,sat,1.4330
wisas/xs_24_44.smt2,sat,2.1492
wisas/xs_25_25.smt2,sat,1.3766
wisas/xs_25_35.smt2,sat,1.3821
wisas/xs_25_45.smt2,unknown,10.0098
wisas/xs_26_26.smt2,sat,1.3886
wisas/xs_26_36.smt2,sat,1.5454
wisas/xs_26_46.smt2,sat,1.9249
wisas/xs_27_27.smt2,sat,1.3857
wisas/xs_27_37.smt2,sat,1.4277
wisas/xs_27_47.smt2,sat,1.5191
wisas/xs_28_28.smt2,sat,1.3786
wisas/xs_28_38.smt2,sat,1.5108
wisas/xs_28_48.smt2,sat,1.4781
wisas/xs_29_29.smt2,sat,1.3893
wisas/xs_29_39.smt2,sat,1.4466
wisas/xs_29_49.smt2,sat,1.6250
wisas/xs_30_30.smt2,sat,1.3943
wisas/xs_30_40.smt2,sat,1.6468
wisas/xs_30_50.smt2,sat,2.2789
wisas/xs_31_31.smt2,sat,1.3916
wisas/xs_31_41.smt2,sat,1.4364
wisas/xs_31_51.smt2,sat,1.5367
wisas/xs_32_32.smt2,sat,1.3817
wisas/xs_32_42.smt2,sat,1.4059
wisas/xs_32_52.smt2,sat,1.4717
wisas/xs_33_33.smt2,sat,1.3944
wisas/xs_33_43.smt2,sat,1.5490
wisas/xs_33_53.smt2,sat,1.4985
wisas/xs_34_34.smt2,sat,1.5062
wisas/xs_34_44.smt2,sat,1.3893
wisas/xs_34_54.smt2,sat,2.0138
wisas/xs_35_35.smt2,sat,1.8863
wisas/xs_35_45.smt2,sat,1.9123
wisas/xs_35_55.smt2,sat,1.8403
wisas/xs_36_36.smt2,sat,1.5061
wisas/xs_36_46.smt2,sat,1.3856
wisas/xs_36_56.smt2,sat,1.4238
wisas/xs_37_37.smt2,sat,1.2747
wisas/xs_37_47.smt2,sat,1.3058
wisas/xs_37_57.smt2,sat,1.2800
wisas/xs_38_38.smt2,sat,1.2782
wisas/xs_38_48.smt2,sat,1.2762
wisas/xs_38_58.smt2,sat,1.6100
wisas/xs_39_39.smt2,sat,1.2740
wisas/xs_39_49.smt2,sat,1.3363
wisas/xs_39_59.smt2,sat,1.3212
wisas/xs_40_40.smt2,sat,1.2842
wisas/xs_40_50.smt2,sat,1.2700
wisas/xs_40_60.smt2,sat,1.6619
wisas/xs_5_10.smt2,unsat,1.0910
wisas/xs_5_15.smt2,unsat,1.1047
wisas/xs_5_5.smt2,unsat,1.0948
wisas/xs_6_11.smt2,unsat,1.1461
wisas/xs_6_16.smt2,unsat,1.1452
wisas/xs_6_6.smt2,unsat,1.1096
wisas/xs_7_12.smt2,unsat,1.3913
wisas/xs_7_17.smt2,unsat,1.1122
wisas/xs_7_7.smt2,sat,1.2644
wisas/xs_8_13.smt2,unsat,1.1481
wisas/xs_8_18.smt2,unsat,1.1479
wisas/xs_8_8.smt2,sat,1.2549
wisas/xs_9_14.smt2,unsat,1.1556
wisas/xs_9_19.smt2,unsat,1.1571
wisas/xs_9_9.smt2,sat,1.2591
